StateRow,Chi2_pValue,Chi2_stat,Chi2_df,p_Bonferroni,p_FDR
0,0.334019392661811,4.57265329159753,4,1,0.911166863493929
1,0.534710754015463,3.13978792767359,4,1,0.911166863493929
2,0.765693536200688,1.83707061216552,4,1,0.911166863493929
3,0.662832521767052,2.39886426627321,4,1,0.911166863493929
4,0.911166863493929,0.990938623688753,4,1,0.911166863493929
