StateRow,RowFrob_D1,RowFrob_D2
0,0.671721443532453,0.701907465593014
1,0.990784007362625,0.954576767677911
2,0.667792206073348,0.652137047096537
3,0.720766350651447,0.754583584505641
4,0.807348589585816,0.756265937912459
